{"train_runtime":131.1694,"_wandb":{"runtime":185},"eval/specificity":0.8486842105263158,"train/global_step":273,"average_precision":0.36939669461489066,"train/loss":0.6093,"train_samples_per_second":33.255,"_timestamp":1.731907159450407e+09,"sensitivity":0.39473684210526316,"train/epoch":3,"train/grad_norm":5.599250316619873,"train/learning_rate":2.673992673992674e-05,"eval/accuracy":0.7578947368421053,"eval/auc_roc":0.7162396121883656,"_step":10,"eval/sensitivity":0.39473684210526316,"accuracy":0.7578947368421053,"specificity":0.8486842105263158,"train_loss":0.6268838316529661,"eval/runtime":9.8969,"total_flos":3.380200586988503e+17,"train_steps_per_second":2.081,"eval/average_precision":0.36939669461489066,"eval/steps_per_second":2.425,"_runtime":185.8112918,"eval/samples_per_second":19.198,"eval/loss":0.5326762795448303,"auc_roc":0.7162396121883656}