{
    "google-vit-base-patch16-224_isic2016": {
        "eval_loss": 0.4046119153499603,
        "eval_accuracy": 0.8157894736842105,
        "eval_sensitivity": 0.13157894736842105,
        "eval_specificity": 0.9868421052631579,
        "eval_average_precision": 0.5019152693779628,
        "eval_auc_roc": 0.8150969529085872,
        "eval_runtime": 10.5244,
        "eval_samples_per_second": 18.053,
        "eval_steps_per_second": 2.28,
        "epoch": 10.0
    },
    "facebook-deit-base-patch16-224_isic2016": {
        "eval_loss": 0.4141812026500702,
        "eval_accuracy": 0.8263157894736842,
        "eval_sensitivity": 0.15789473684210525,
        "eval_specificity": 0.993421052631579,
        "eval_average_precision": 0.553564518232038,
        "eval_auc_roc": 0.7647160664819945,
        "eval_runtime": 10.1352,
        "eval_samples_per_second": 18.746,
        "eval_steps_per_second": 2.368,
        "epoch": 10.0
    },
    "microsoft-swinv2-base-patch4-window8-256_isic2016": {
        "eval_loss": 0.3920876681804657,
        "eval_accuracy": 0.8105263157894737,
        "eval_sensitivity": 0.07894736842105263,
        "eval_specificity": 0.993421052631579,
        "eval_average_precision": 0.6220898005062123,
        "eval_auc_roc": 0.8426246537396123,
        "eval_runtime": 13.4258,
        "eval_samples_per_second": 14.152,
        "eval_steps_per_second": 1.788,
        "epoch": 10.0
    },
    "google-vit-base-patch16-224_isic2016_dda": {
        "eval_loss": 0.3514817953109741,
        "eval_accuracy": 0.8368421052631579,
        "eval_sensitivity": 0.2631578947368421,
        "eval_specificity": 0.9802631578947368,
        "eval_average_precision": 0.6630062072340248,
        "eval_auc_roc": 0.8711911357340721,
        "eval_runtime": 9.5589,
        "eval_samples_per_second": 19.877,
        "eval_steps_per_second": 2.511,
        "epoch": 10.0
    },
    "facebook-deit-base-patch16-224_isic2016_dda": {
        "eval_loss": 0.40680357813835144,
        "eval_accuracy": 0.8105263157894737,
        "eval_sensitivity": 0.21052631578947367,
        "eval_specificity": 0.9605263157894737,
        "eval_average_precision": 0.5330401919548526,
        "eval_auc_roc": 0.7861842105263157,
        "eval_runtime": 9.5748,
        "eval_samples_per_second": 19.844,
        "eval_steps_per_second": 2.507,
        "epoch": 10.0
    },
    "microsoft-swinv2-base-patch4-window8-256_isic2016_dda": {
        "eval_loss": 0.4020034372806549,
        "eval_accuracy": 0.8315789473684211,
        "eval_sensitivity": 0.21052631578947367,
        "eval_specificity": 0.9868421052631579,
        "eval_average_precision": 0.580289169274198,
        "eval_auc_roc": 0.8036703601108034,
        "eval_runtime": 12.1305,
        "eval_samples_per_second": 15.663,
        "eval_steps_per_second": 1.978,
        "epoch": 10.0
    }
}