{
    "google/vit-base-patch16-224": {
        "eval_loss": 0.5097922086715698,
        "eval_accuracy": 0.7684210526315789,
        "eval_sensitivity": 0.4473684210526316,
        "eval_specificity": 0.8486842105263158,
        "eval_average_precision": 0.4466984391353883,
        "eval_auc_roc": 0.7280124653739612,
        "eval_runtime": 9.4985,
        "eval_samples_per_second": 20.003,
        "eval_steps_per_second": 2.527,
        "epoch": 5.0
    }
}