{
    "google-vit-base-patch16-224_isic2016": {
        "eval_loss": 0.4046119153499603,
        "eval_accuracy": 0.8157894736842105,
        "eval_sensitivity": 0.13157894736842105,
        "eval_specificity": 0.9868421052631579,
        "eval_average_precision": 0.5019152693779628,
        "eval_auc_roc": 0.8150969529085872,
        "eval_runtime": 10.5244,
        "eval_samples_per_second": 18.053,
        "eval_steps_per_second": 2.28,
        "epoch": 10.0
    },
    "facebook-deit-base-patch16-224_isic2016": {
        "eval_loss": 0.4141812026500702,
        "eval_accuracy": 0.8263157894736842,
        "eval_sensitivity": 0.15789473684210525,
        "eval_specificity": 0.993421052631579,
        "eval_average_precision": 0.553564518232038,
        "eval_auc_roc": 0.7647160664819945,
        "eval_runtime": 10.1352,
        "eval_samples_per_second": 18.746,
        "eval_steps_per_second": 2.368,
        "epoch": 10.0
    },
    "microsoft-swinv2-base-patch4-window8-256_isic2016": {
        "eval_loss": 0.3920876681804657,
        "eval_accuracy": 0.8105263157894737,
        "eval_sensitivity": 0.07894736842105263,
        "eval_specificity": 0.993421052631579,
        "eval_average_precision": 0.6220898005062123,
        "eval_auc_roc": 0.8426246537396123,
        "eval_runtime": 13.4258,
        "eval_samples_per_second": 14.152,
        "eval_steps_per_second": 1.788,
        "epoch": 10.0
    }
}