{
    "google/vit-base-patch16-224": {
        "eval_loss": 0.47914570569992065,
        "eval_accuracy": 0.8,
        "eval_sensitivity": 0.0,
        "eval_specificity": 1.0,
        "eval_average_precision": 0.36592928671262465,
        "eval_auc_roc": 0.6440443213296398,
        "eval_runtime": 35.8723,
        "eval_samples_per_second": 5.297,
        "eval_steps_per_second": 0.669,
        "epoch": 3.0
    }
}