{"accuracy":0.7684210526315789,"eval/runtime":9.4985,"_step":16,"specificity":0.8486842105263158,"total_flos":5.6336676449808384e+17,"eval/auc_roc":0.7280124653739612,"eval/sensitivity":0.4473684210526316,"average_precision":0.4466984391353883,"eval/accuracy":0.7684210526315789,"train_runtime":165.5086,"auc_roc":0.7280124653739612,"eval/samples_per_second":20.003,"train/learning_rate":1.2087912087912089e-05,"_timestamp":1.731907985791419e+09,"eval/loss":0.5097922086715698,"eval/average_precision":0.4466984391353883,"train/grad_norm":1.7939910888671875,"train/global_step":455,"train_loss":0.5997786637190934,"train_steps_per_second":2.749,"_wandb":{"runtime":204},"train_samples_per_second":43.925,"train/epoch":5,"sensitivity":0.4473684210526316,"_runtime":204.6913651,"eval/steps_per_second":2.527,"train/loss":0.5653,"eval/specificity":0.8486842105263158}