{"eval/average_precision":0.36592928671262465,"eval/samples_per_second":5.022,"train/grad_norm":3.6283717155456543,"train/loss":0.5469,"eval/steps_per_second":0.634,"train/learning_rate":4.152046783625731e-05,"total_flos":2.092283719593984e+17,"train_loss":0.516750893397638,"average_precision":0.36592928671262465,"accuracy":0.8,"eval/sensitivity":0,"train_runtime":661.225,"_step":9,"eval/specificity":1,"sensitivity":0,"_wandb":{"runtime":704},"eval/loss":0.47914570569992065,"specificity":1,"train_steps_per_second":0.259,"eval/runtime":37.837,"auc_roc":0.6440443213296398,"train/global_step":171,"eval/accuracy":0.8,"eval/auc_roc":0.6440443213296398,"train/epoch":3,"_runtime":704.7033736,"_timestamp":1.731849269092605e+09,"train_samples_per_second":4.083}