{"train_samples_per_second":28582.514,"train_loss":0,"train_runtime":0.0945,"accuracy":0.8,"eval/sensitivity":0,"eval/loss":0.47914570569992065,"eval/steps_per_second":0.669,"specificity":1,"train/epoch":3,"eval/specificity":1,"auc_roc":0.6440443213296398,"sensitivity":0,"_wandb":{"runtime":39},"eval/average_precision":0.36592928671262465,"_step":2,"eval/samples_per_second":5.297,"eval/auc_roc":0.6440443213296398,"train/global_step":171,"_timestamp":1.7318510217728367e+09,"average_precision":0.36592928671262465,"total_flos":2.092283719593984e+17,"eval/runtime":35.8723,"_runtime":39.5041466,"train_steps_per_second":1810.226,"eval/accuracy":0.8}